source,source_id,security_relevance,security_category,security_confidence,candidate_count,yes_count,maybe_count,no_count,positive_count,has_positive,positive_rate
hadolint,DL1001,non_security,,4,10,0,3,7,3,True,0.3
hadolint,DL3000,non_security,,5,10,0,1,9,1,True,0.1
hadolint,DL3001,security_related,secure_configuration,4,10,1,1,8,2,True,0.2
hadolint,DL3002,security_related,least_privilege,5,10,1,0,9,1,True,0.1
hadolint,DL3003,non_security,,5,3,0,0,3,0,False,0.0
hadolint,DL3004,security_related,least_privilege,5,4,0,1,3,1,True,0.25
hadolint,DL3005,non_security,,4,10,0,2,8,2,True,0.2
hadolint,DL3006,security_related,dependency_supply_chain,4,10,0,0,10,0,False,0.0
hadolint,DL3007,security_related,dependency_supply_chain,4,9,0,0,9,0,False,0.0
hadolint,DL3008,security_related,dependency_supply_chain,4,10,0,2,8,2,True,0.2
hadolint,DL3009,non_security,,5,2,0,1,1,1,True,0.5
hadolint,DL3010,non_security,,5,1,0,0,1,0,False,0.0
hadolint,DL3011,security_related,secure_configuration,4,5,1,0,4,1,True,0.2
hadolint,DL3012,non_security,,5,9,0,4,5,4,True,0.444444
hadolint,DL3013,security_related,dependency_supply_chain,5,10,0,1,9,1,True,0.1
hadolint,DL3014,non_security,,5,7,0,0,7,0,False,0.0
hadolint,DL3015,security_related,secure_configuration,4,4,1,1,2,2,True,0.5
hadolint,DL3016,security_related,dependency_supply_chain,5,10,0,1,9,1,True,0.1
hadolint,DL3017,security_related,secure_configuration,4,10,0,1,9,1,True,0.1
hadolint,DL3018,security_related,dependency_supply_chain,5,6,0,1,5,1,True,0.166667
hadolint,DL3019,non_security,,5,10,0,1,9,1,True,0.1
hadolint,DL3020,security_related,secure_configuration,3,3,0,2,1,2,True,0.666667
hadolint,DL3021,non_security,,5,10,0,0,10,0,False,0.0
hadolint,DL3022,non_security,,5,10,0,0,10,0,False,0.0
hadolint,DL3023,non_security,,5,10,0,0,10,0,False,0.0
hadolint,DL3024,non_security,,5,7,0,0,7,0,False,0.0
hadolint,DL3025,security_related,availability,4,7,1,2,4,3,True,0.428571
hadolint,DL3026,security_related,dependency_supply_chain,5,2,0,1,1,1,True,0.5
hadolint,DL3027,non_security,,5,5,0,0,5,0,False,0.0
hadolint,DL3028,security_related,dependency_supply_chain,4,5,0,1,4,1,True,0.2
hadolint,DL3029,non_security,,5,10,0,0,10,0,False,0.0
hadolint,DL3030,non_security,,5,4,0,0,4,0,False,0.0
hadolint,DL3031,non_security,,4,8,0,1,7,1,True,0.125
hadolint,DL3032,non_security,,5,10,0,0,10,0,False,0.0
hadolint,DL3033,security_related,integrity,4,2,0,1,1,1,True,0.5
hadolint,DL3034,non_security,,5,10,0,1,9,1,True,0.1
hadolint,DL3035,security_related,secure_configuration,4,3,1,0,2,1,True,0.333333
hadolint,DL3036,non_security,,5,4,0,0,4,0,False,0.0
hadolint,DL3037,security_related,dependency_supply_chain,4,10,0,3,7,3,True,0.3
hadolint,DL3038,non_security,,5,10,0,0,10,0,False,0.0
hadolint,DL3039,non_security,,5,4,0,1,3,1,True,0.25
hadolint,DL3040,non_security,,5,10,0,1,9,1,True,0.1
hadolint,DL3041,security_related,integrity,4,10,0,3,7,3,True,0.3
hadolint,DL3042,non_security,,5,10,0,0,10,0,False,0.0
hadolint,DL3043,non_security,,5,10,0,1,9,1,True,0.1
hadolint,DL3044,non_security,,5,1,0,1,0,1,True,1.0
hadolint,DL3045,non_security,,5,10,0,0,10,0,False,0.0
hadolint,DL3046,non_security,,5,1,0,0,1,0,False,0.0
hadolint,DL3047,non_security,,5,10,0,0,10,0,False,0.0
hadolint,DL3048,non_security,,5,6,0,1,5,1,True,0.166667
hadolint,DL3049,non_security,,5,1,0,0,1,0,False,0.0
hadolint,DL3050,security_related,information_exposure,4,4,0,2,2,2,True,0.5
hadolint,DL3051,non_security,,5,3,0,0,3,0,False,0.0
hadolint,DL3052,non_security,,5,10,0,0,10,0,False,0.0
hadolint,DL3053,non_security,,5,1,0,1,0,1,True,1.0
hadolint,DL3054,non_security,,5,10,0,2,8,2,True,0.2
hadolint,DL3055,non_security,,5,10,0,3,7,3,True,0.3
hadolint,DL3056,non_security,,5,5,0,1,4,1,True,0.2
hadolint,DL3057,security_related,availability,4,10,0,5,5,5,True,0.5
hadolint,DL3058,non_security,,5,2,0,0,2,0,False,0.0
hadolint,DL3059,non_security,,5,5,0,1,4,1,True,0.2
hadolint,DL3060,non_security,,5,10,0,1,9,1,True,0.1
hadolint,DL3061,non_security,,5,10,0,0,10,0,False,0.0
hadolint,DL3062,security_related,dependency_supply_chain,4,7,1,3,3,4,True,0.571429
hadolint,DL3063,non_security,,5,10,0,1,9,1,True,0.1
hadolint,DL3064,security_related,secrets_credentials,5,10,1,0,9,1,True,0.1
hadolint,DL3065,non_security,,5,10,0,0,10,0,False,0.0
hadolint,DL3066,security_related,least_privilege,5,9,0,0,9,0,False,0.0
hadolint,DL3067,non_security,,4,1,0,0,1,0,False,0.0
hadolint,DL4000,non_security,,5,9,0,1,8,1,True,0.111111
hadolint,DL4001,non_security,,5,7,0,0,7,0,False,0.0
hadolint,DL4003,non_security,,5,10,0,0,10,0,False,0.0
hadolint,DL4004,non_security,,5,1,0,0,1,0,False,0.0
hadolint,DL4005,non_security,,5,6,0,0,6,0,False,0.0
hadolint,DL4006,security_related,integrity,4,6,0,1,5,1,True,0.166667
shellcheck,SC1000,non_security,,5,4,0,1,3,1,True,0.25
shellcheck,SC1001,non_security,,5,6,0,1,5,1,True,0.166667
shellcheck,SC1003,non_security,,5,10,0,1,9,1,True,0.1
shellcheck,SC1004,non_security,,5,1,0,1,0,1,True,1.0
shellcheck,SC1007,non_security,,5,7,0,0,7,0,False,0.0
shellcheck,SC1008,non_security,,5,10,0,1,9,1,True,0.1
shellcheck,SC1009,uncertain,,1,10,0,0,10,0,False,0.0
shellcheck,SC1011,non_security,,5,2,0,1,1,1,True,0.5
shellcheck,SC1012,non_security,,5,3,0,1,2,1,True,0.333333
shellcheck,SC1014,non_security,,4,10,0,2,8,2,True,0.2
shellcheck,SC1015,non_security,,5,2,0,1,1,1,True,0.5
shellcheck,SC1016,non_security,,5,4,0,1,3,1,True,0.25
shellcheck,SC1017,non_security,,4,2,0,1,1,1,True,0.5
shellcheck,SC1018,uncertain,,5,10,0,0,10,0,False,0.0
shellcheck,SC1019,non_security,,5,7,0,0,7,0,False,0.0
shellcheck,SC1020,non_security,,5,3,0,1,2,1,True,0.333333
shellcheck,SC1026,non_security,,5,5,0,1,4,1,True,0.2
shellcheck,SC1027,non_security,,5,6,0,2,4,2,True,0.333333
shellcheck,SC1028,non_security,,5,6,0,1,5,1,True,0.166667
shellcheck,SC1029,non_security,,5,7,0,0,7,0,False,0.0
shellcheck,SC1033,non_security,,5,8,0,2,6,2,True,0.25
shellcheck,SC1034,non_security,,5,10,0,1,9,1,True,0.1
shellcheck,SC1035,non_security,,5,2,0,1,1,1,True,0.5
shellcheck,SC1036,non_security,,5,3,0,1,2,1,True,0.333333
shellcheck,SC1037,non_security,,5,10,0,2,8,2,True,0.2
shellcheck,SC1038,non_security,,5,5,0,1,4,1,True,0.2
shellcheck,SC1039,non_security,,5,5,0,1,4,1,True,0.2
shellcheck,SC1040,non_security,,5,4,0,1,3,1,True,0.25
shellcheck,SC1041,non_security,,5,4,0,0,4,0,False,0.0
shellcheck,SC1043,non_security,,5,3,0,0,3,0,False,0.0
shellcheck,SC1044,non_security,,5,5,0,0,5,0,False,0.0
shellcheck,SC1045,non_security,,5,10,0,0,10,0,False,0.0
shellcheck,SC1046,non_security,,5,6,0,1,5,1,True,0.166667
shellcheck,SC1047,non_security,,5,3,0,0,3,0,False,0.0
shellcheck,SC1048,non_security,,5,10,0,0,10,0,False,0.0
shellcheck,SC1049,non_security,,5,5,0,0,5,0,False,0.0
shellcheck,SC1050,non_security,,5,6,0,0,6,0,False,0.0
shellcheck,SC1051,non_security,,5,2,0,1,1,1,True,0.5
shellcheck,SC1052,non_security,,5,2,0,0,2,0,False,0.0
shellcheck,SC1053,non_security,,5,2,0,0,2,0,False,0.0
shellcheck,SC1054,non_security,,5,2,0,0,2,0,False,0.0
shellcheck,SC1055,non_security,,5,10,0,1,9,1,True,0.1
shellcheck,SC1056,non_security,,5,4,0,2,2,2,True,0.5
shellcheck,SC1057,non_security,,5,10,0,0,10,0,False,0.0
shellcheck,SC1058,non_security,,5,10,0,0,10,0,False,0.0
shellcheck,SC1059,non_security,,5,1,0,0,1,0,False,0.0
shellcheck,SC1060,non_security,,5,10,0,0,10,0,False,0.0
shellcheck,SC1061,non_security,,5,4,0,0,4,0,False,0.0
shellcheck,SC1062,non_security,,5,10,0,0,10,0,False,0.0
shellcheck,SC1063,non_security,,5,4,0,0,4,0,False,0.0
shellcheck,SC1064,non_security,,5,5,0,0,5,0,False,0.0
shellcheck,SC1065,non_security,,5,9,0,0,9,0,False,0.0
shellcheck,SC1066,non_security,,5,4,0,1,3,1,True,0.25
shellcheck,SC1067,non_security,,5,7,0,1,6,1,True,0.142857
shellcheck,SC1068,non_security,,5,9,0,0,9,0,False,0.0
shellcheck,SC1069,non_security,,5,10,0,0,10,0,False,0.0
shellcheck,SC1070,non_security,,5,1,0,1,0,1,True,1.0
shellcheck,SC1071,non_security,,5,10,0,0,10,0,False,0.0
shellcheck,SC1072,non_security,,5,10,0,0,10,0,False,0.0
shellcheck,SC1073,non_security,,5,3,0,0,3,0,False,0.0
shellcheck,SC1074,non_security,,5,10,0,2,8,2,True,0.2
shellcheck,SC1075,non_security,,5,3,0,2,1,2,True,0.666667
shellcheck,SC1076,non_security,,5,7,0,1,6,1,True,0.142857
shellcheck,SC1077,non_security,,5,10,0,0,10,0,False,0.0
shellcheck,SC1078,non_security,,5,10,0,1,9,1,True,0.1
shellcheck,SC1079,non_security,,5,6,0,0,6,0,False,0.0
shellcheck,SC1080,non_security,,5,6,0,1,5,1,True,0.166667
shellcheck,SC1081,non_security,,5,4,0,0,4,0,False,0.0
shellcheck,SC1082,non_security,,5,4,0,1,3,1,True,0.25
shellcheck,SC1083,non_security,,5,5,0,1,4,1,True,0.2
shellcheck,SC1084,non_security,,5,8,0,0,8,0,False,0.0
shellcheck,SC1085,non_security,,5,10,0,0,10,0,False,0.0
shellcheck,SC1086,non_security,,5,4,0,0,4,0,False,0.0
shellcheck,SC1087,non_security,,5,8,0,1,7,1,True,0.125
shellcheck,SC1088,non_security,,5,1,0,1,0,1,True,1.0
shellcheck,SC1089,non_security,,5,1,0,1,0,1,True,1.0
shellcheck,SC1090,non_security,,4,9,0,3,6,3,True,0.333333
shellcheck,SC1091,non_security,,5,10,0,0,10,0,False,0.0
shellcheck,SC1092,non_security,,5,10,0,1,9,1,True,0.1
shellcheck,SC1094,non_security,,5,10,0,2,8,2,True,0.2
shellcheck,SC1095,non_security,,5,3,0,0,3,0,False,0.0
shellcheck,SC1097,non_security,,5,10,0,1,9,1,True,0.1
shellcheck,SC1098,security_related,injection_command_execution,4,9,1,3,5,4,True,0.444444
shellcheck,SC1099,non_security,,5,5,0,0,5,0,False,0.0
shellcheck,SC1100,non_security,,5,8,0,1,7,1,True,0.125
shellcheck,SC1101,non_security,,5,2,0,1,1,1,True,0.5
shellcheck,SC1102,non_security,,5,7,0,1,6,1,True,0.142857
shellcheck,SC1103,non_security,,5,10,0,2,8,2,True,0.2
shellcheck,SC1104,non_security,,5,9,0,0,9,0,False,0.0
shellcheck,SC1105,non_security,,5,10,0,1,9,1,True,0.1
shellcheck,SC1106,non_security,,5,3,1,1,1,2,True,0.666667
shellcheck,SC1107,non_security,,5,8,0,1,7,1,True,0.125
shellcheck,SC1108,non_security,,5,6,0,1,5,1,True,0.166667
shellcheck,SC1109,non_security,,5,6,0,1,5,1,True,0.166667
shellcheck,SC1110,non_security,,5,2,0,1,1,1,True,0.5
shellcheck,SC1111,non_security,,5,2,0,1,1,1,True,0.5
shellcheck,SC1112,non_security,,5,2,0,1,1,1,True,0.5
shellcheck,SC1113,non_security,,5,7,0,0,7,0,False,0.0
shellcheck,SC1114,non_security,,5,6,0,1,5,1,True,0.166667
shellcheck,SC1115,non_security,,5,6,0,0,6,0,False,0.0
shellcheck,SC1116,non_security,,5,3,0,1,2,1,True,0.333333
shellcheck,SC1117,non_security,,5,10,0,1,9,1,True,0.1
shellcheck,SC1118,non_security,,5,7,0,0,7,0,False,0.0
shellcheck,SC1119,non_security,,5,3,0,0,3,0,False,0.0
shellcheck,SC1120,non_security,,5,10,0,0,10,0,False,0.0
shellcheck,SC1121,non_security,,5,7,0,0,7,0,False,0.0
shellcheck,SC1122,non_security,,5,2,0,0,2,0,False,0.0
shellcheck,SC1123,non_security,,5,5,0,0,5,0,False,0.0
shellcheck,SC1124,non_security,,5,7,0,0,7,0,False,0.0
shellcheck,SC1125,non_security,,5,6,0,1,5,1,True,0.166667
shellcheck,SC1126,non_security,,5,10,0,0,10,0,False,0.0
shellcheck,SC1127,non_security,,5,4,0,0,4,0,False,0.0
shellcheck,SC1128,non_security,,4,7,0,2,5,2,True,0.285714
shellcheck,SC1129,non_security,,5,7,0,0,7,0,False,0.0
shellcheck,SC1130,non_security,,5,10,0,1,9,1,True,0.1
shellcheck,SC1131,non_security,,5,10,0,0,10,0,False,0.0
shellcheck,SC1132,non_security,,4,10,0,1,9,1,True,0.1
shellcheck,SC1133,non_security,,5,5,0,0,5,0,False,0.0
shellcheck,SC1134,uncertain,,5,10,0,0,10,0,False,0.0
shellcheck,SC1135,non_security,,5,3,0,1,2,1,True,0.333333
shellcheck,SC1136,non_security,,5,7,0,1,6,1,True,0.142857
shellcheck,SC1137,non_security,,5,10,0,1,9,1,True,0.1
shellcheck,SC1138,non_security,,5,4,0,0,4,0,False,0.0
shellcheck,SC1139,non_security,,5,6,0,1,5,1,True,0.166667
shellcheck,SC1140,non_security,,5,2,0,1,1,1,True,0.5
shellcheck,SC1141,non_security,,5,7,0,2,5,2,True,0.285714
shellcheck,SC1142,non_security,,5,10,0,0,10,0,False,0.0
shellcheck,SC1143,non_security,,5,6,0,0,6,0,False,0.0
shellcheck,SC1144,security_related,secure_configuration,4,10,0,2,8,2,True,0.2
shellcheck,SC1145,non_security,,5,10,0,1,9,1,True,0.1
shellcheck,SC2000,non_security,,5,10,0,0,10,0,False,0.0
shellcheck,SC2001,non_security,,5,4,0,1,3,1,True,0.25
shellcheck,SC2002,non_security,,5,3,0,1,2,1,True,0.333333
shellcheck,SC2003,non_security,,5,10,0,0,10,0,False,0.0
shellcheck,SC2004,non_security,,4,10,0,1,9,1,True,0.1
shellcheck,SC2005,non_security,,5,4,0,1,3,1,True,0.25
shellcheck,SC2006,non_security,,5,10,0,1,9,1,True,0.1
shellcheck,SC2007,non_security,,5,10,0,1,9,1,True,0.1
shellcheck,SC2008,non_security,,5,1,0,1,0,1,True,1.0
shellcheck,SC2009,security_related,secure_configuration,4,10,0,2,8,2,True,0.2
shellcheck,SC2010,security_related,injection_command_execution,4,5,0,0,5,0,False,0.0
shellcheck,SC2011,security_related,injection_command_execution,4,5,0,0,5,0,False,0.0
shellcheck,SC2012,security_related,injection_command_execution,4,3,0,0,3,0,False,0.0
shellcheck,SC2013,non_security,,5,8,0,2,6,2,True,0.25
shellcheck,SC2014,non_security,,5,10,0,0,10,0,False,0.0
shellcheck,SC2015,security_related,other_security,4,7,0,1,6,1,True,0.142857
shellcheck,SC2016,non_security,,5,10,0,1,9,1,True,0.1
shellcheck,SC2017,non_security,,5,7,0,1,6,1,True,0.142857
shellcheck,SC2018,non_security,,5,10,0,2,8,2,True,0.2
shellcheck,SC2019,non_security,,5,10,0,2,8,2,True,0.2
shellcheck,SC2020,non_security,,5,7,0,1,6,1,True,0.142857
shellcheck,SC2021,non_security,,5,10,1,2,7,3,True,0.3
shellcheck,SC2022,non_security,,5,9,0,1,8,1,True,0.111111
shellcheck,SC2023,non_security,,5,3,0,0,3,0,False,0.0
shellcheck,SC2024,security_related,authorization_access_control,5,10,1,2,7,3,True,0.3
shellcheck,SC2025,non_security,,5,6,0,0,6,0,False,0.0
shellcheck,SC2026,non_security,,5,10,0,2,8,2,True,0.2
shellcheck,SC2027,non_security,,5,10,0,0,10,0,False,0.0
shellcheck,SC2028,non_security,,5,10,0,1,9,1,True,0.1
shellcheck,SC2029,security_related,injection_command_execution,4,10,0,0,10,0,False,0.0
shellcheck,SC2030,non_security,,5,5,0,1,4,1,True,0.2
shellcheck,SC2031,non_security,,5,10,0,1,9,1,True,0.1
shellcheck,SC2032,non_security,,5,10,0,0,10,0,False,0.0
shellcheck,SC2033,non_security,,5,6,0,0,6,0,False,0.0
shellcheck,SC2034,non_security,,5,10,0,0,10,0,False,0.0
shellcheck,SC2035,security_related,injection_command_execution,4,7,0,1,6,1,True,0.142857
shellcheck,SC2036,non_security,,5,3,0,0,3,0,False,0.0
shellcheck,SC2037,non_security,,5,7,0,0,7,0,False,0.0
shellcheck,SC2038,security_related,injection_command_execution,4,3,0,1,2,1,True,0.333333
shellcheck,SC2039,non_security,,4,10,0,1,9,1,True,0.1
shellcheck,SC2040,non_security,,5,10,0,0,10,0,False,0.0
shellcheck,SC2041,non_security,,5,5,0,1,4,1,True,0.2
shellcheck,SC2042,non_security,,5,3,0,1,2,1,True,0.333333
shellcheck,SC2043,non_security,,5,10,0,1,9,1,True,0.1
shellcheck,SC2044,security_related,injection_command_execution,4,5,0,2,3,2,True,0.4
shellcheck,SC2045,non_security,,5,10,0,1,9,1,True,0.1
shellcheck,SC2046,security_related,injection_command_execution,4,10,1,0,9,1,True,0.1
shellcheck,SC2048,security_related,injection_command_execution,4,9,1,2,6,3,True,0.333333
shellcheck,SC2049,non_security,,5,7,1,0,6,1,True,0.142857
shellcheck,SC2050,non_security,,5,1,0,1,0,1,True,1.0
shellcheck,SC2051,non_security,,5,6,0,1,5,1,True,0.166667
shellcheck,SC2053,security_related,input_validation,4,10,1,2,7,3,True,0.3
shellcheck,SC2054,non_security,,5,10,0,1,9,1,True,0.1
shellcheck,SC2055,non_security,,4,3,1,0,2,1,True,0.333333
shellcheck,SC2056,non_security,,4,9,1,1,7,2,True,0.222222
shellcheck,SC2057,non_security,,5,5,0,1,4,1,True,0.2
shellcheck,SC2058,non_security,,5,8,0,1,7,1,True,0.125
shellcheck,SC2059,security_related,injection_command_execution,4,8,1,2,5,3,True,0.375
shellcheck,SC2060,non_security,,5,5,0,1,4,1,True,0.2
shellcheck,SC2061,non_security,,5,10,1,0,9,1,True,0.1
shellcheck,SC2062,non_security,,5,10,0,2,8,2,True,0.2
shellcheck,SC2063,non_security,,5,5,1,1,3,2,True,0.4
shellcheck,SC2064,security_related,injection_command_execution,3,4,0,0,4,0,False,0.0
shellcheck,SC2065,non_security,,5,2,0,0,2,0,False,0.0
shellcheck,SC2066,non_security,,5,1,1,0,0,1,True,1.0
shellcheck,SC2067,non_security,,5,5,0,0,5,0,False,0.0
shellcheck,SC2068,security_related,injection_command_execution,4,7,1,1,5,2,True,0.285714
shellcheck,SC2069,non_security,,5,7,0,1,6,1,True,0.142857
shellcheck,SC2070,security_related,input_validation,4,3,1,0,2,1,True,0.333333
shellcheck,SC2071,non_security,,5,2,1,1,0,2,True,1.0
shellcheck,SC2072,non_security,,5,5,1,1,3,2,True,0.4
shellcheck,SC2073,non_security,,5,3,0,0,3,0,False,0.0
shellcheck,SC2074,non_security,,5,1,0,1,0,1,True,1.0
shellcheck,SC2075,non_security,,5,7,0,1,6,1,True,0.142857
shellcheck,SC2076,non_security,,4,8,1,2,5,3,True,0.375
shellcheck,SC2077,non_security,,5,10,0,1,9,1,True,0.1
shellcheck,SC2078,non_security,,4,4,0,1,3,1,True,0.25
shellcheck,SC2079,non_security,,5,2,0,0,2,0,False,0.0
shellcheck,SC2080,non_security,,5,10,1,0,9,1,True,0.1
shellcheck,SC2081,non_security,,4,9,1,1,7,2,True,0.222222
shellcheck,SC2082,security_related,injection_command_execution,4,6,1,1,4,2,True,0.333333
shellcheck,SC2083,non_security,,5,8,0,0,8,0,False,0.0
shellcheck,SC2084,non_security,,5,10,1,3,6,4,True,0.4
shellcheck,SC2086,security_related,injection_command_execution,5,6,1,2,3,3,True,0.5
shellcheck,SC2087,security_related,injection_command_execution,5,9,0,1,8,1,True,0.111111
shellcheck,SC2088,non_security,,5,10,0,0,10,0,False,0.0
shellcheck,SC2089,security_related,injection_command_execution,5,9,1,3,5,4,True,0.444444
shellcheck,SC2090,uncertain,,1,10,0,0,10,0,False,0.0
shellcheck,SC2091,security_related,injection_command_execution,4,10,0,1,9,1,True,0.1
shellcheck,SC2092,security_related,injection_command_execution,4,4,0,1,3,1,True,0.25
shellcheck,SC2093,non_security,,5,10,0,1,9,1,True,0.1
shellcheck,SC2094,non_security,,4,10,0,1,9,1,True,0.1
shellcheck,SC2095,non_security,,5,10,0,3,7,3,True,0.3
shellcheck,SC2096,non_security,,5,10,0,0,10,0,False,0.0
shellcheck,SC2097,non_security,,5,10,0,1,9,1,True,0.1
shellcheck,SC2098,non_security,,5,8,0,0,8,0,False,0.0
shellcheck,SC2099,non_security,,5,3,0,1,2,1,True,0.333333
shellcheck,SC2100,non_security,,5,3,0,1,2,1,True,0.333333
shellcheck,SC2101,non_security,,5,10,0,0,10,0,False,0.0
shellcheck,SC2102,non_security,,5,10,0,0,10,0,False,0.0
shellcheck,SC2103,security_related,secure_configuration,4,8,0,1,7,1,True,0.125
shellcheck,SC2104,non_security,,5,1,0,0,1,0,False,0.0
shellcheck,SC2105,non_security,,5,6,0,0,6,0,False,0.0
shellcheck,SC2106,non_security,,4,3,0,1,2,1,True,0.333333
shellcheck,SC2107,non_security,,5,10,0,2,8,2,True,0.2
shellcheck,SC2108,non_security,,5,10,0,0,10,0,False,0.0
shellcheck,SC2109,non_security,,5,10,0,1,9,1,True,0.1
shellcheck,SC2110,non_security,,5,10,0,1,9,1,True,0.1
shellcheck,SC2111,non_security,,5,7,0,0,7,0,False,0.0
shellcheck,SC2112,non_security,,5,4,0,0,4,0,False,0.0
shellcheck,SC2113,non_security,,5,3,0,0,3,0,False,0.0
shellcheck,SC2114,security_related,availability,5,2,0,2,0,2,True,1.0
shellcheck,SC2115,security_related,availability,5,9,0,0,9,0,False,0.0
shellcheck,SC2116,non_security,,5,6,0,1,5,1,True,0.166667
shellcheck,SC2117,security_related,authorization_access_control,5,10,2,4,4,6,True,0.6
shellcheck,SC2118,non_security,,5,10,0,0,10,0,False,0.0
shellcheck,SC2119,non_security,,5,8,0,0,8,0,False,0.0
shellcheck,SC2120,non_security,,5,10,0,1,9,1,True,0.1
shellcheck,SC2121,non_security,,5,10,0,0,10,0,False,0.0
shellcheck,SC2122,non_security,,5,10,0,1,9,1,True,0.1
shellcheck,SC2123,non_security,,5,6,0,0,6,0,False,0.0
shellcheck,SC2124,non_security,,5,7,0,1,6,1,True,0.142857
shellcheck,SC2125,non_security,,5,9,0,1,8,1,True,0.111111
shellcheck,SC2126,non_security,,5,10,0,1,9,1,True,0.1
shellcheck,SC2127,non_security,,5,10,0,1,9,1,True,0.1
shellcheck,SC2128,non_security,,5,10,0,0,10,0,False,0.0
shellcheck,SC2129,non_security,,5,10,0,0,10,0,False,0.0
shellcheck,SC2130,non_security,,4,10,0,2,8,2,True,0.2
shellcheck,SC2139,security_related,injection_command_execution,3,10,0,1,9,1,True,0.1
shellcheck,SC2140,non_security,,5,10,0,2,8,2,True,0.2
shellcheck,SC2141,non_security,,5,9,0,1,8,1,True,0.111111
shellcheck,SC2142,non_security,,5,1,0,0,1,0,False,0.0
shellcheck,SC2143,non_security,,4,6,0,0,6,0,False,0.0
shellcheck,SC2144,non_security,,5,2,0,0,2,0,False,0.0
shellcheck,SC2145,non_security,,4,10,0,2,8,2,True,0.2
shellcheck,SC2146,non_security,,5,5,0,1,4,1,True,0.2
shellcheck,SC2147,non_security,,5,10,0,0,10,0,False,0.0
shellcheck,SC2148,non_security,,5,1,0,1,0,1,True,1.0
shellcheck,SC2149,non_security,,5,10,0,1,9,1,True,0.1
shellcheck,SC2150,security_related,injection_command_execution,5,10,0,4,6,4,True,0.4
shellcheck,SC2151,non_security,,5,10,0,1,9,1,True,0.1
shellcheck,SC2152,non_security,,5,10,0,1,9,1,True,0.1
shellcheck,SC2153,non_security,,4,7,0,2,5,2,True,0.285714
shellcheck,SC2154,non_security,,4,7,0,2,5,2,True,0.285714
shellcheck,SC2155,non_security,,4,10,1,3,6,4,True,0.4
shellcheck,SC2156,security_related,injection_command_execution,5,10,1,3,6,4,True,0.4
shellcheck,SC2157,non_security,,5,1,0,1,0,1,True,1.0
shellcheck,SC2158,non_security,,5,4,0,1,3,1,True,0.25
shellcheck,SC2159,non_security,,5,8,0,1,7,1,True,0.125
shellcheck,SC2160,non_security,,5,2,0,0,2,0,False,0.0
shellcheck,SC2161,non_security,,5,8,0,0,8,0,False,0.0
shellcheck,SC2162,security_related,input_validation,4,10,1,0,9,1,True,0.1
shellcheck,SC2163,non_security,,5,10,0,2,8,2,True,0.2
shellcheck,SC2164,security_related,secure_configuration,4,2,0,0,2,0,False,0.0
shellcheck,SC2165,non_security,,5,3,0,0,3,0,False,0.0
shellcheck,SC2166,security_related,input_validation,4,10,0,2,8,2,True,0.2
shellcheck,SC2167,non_security,,5,7,0,0,7,0,False,0.0
shellcheck,SC2168,non_security,,5,5,0,0,5,0,False,0.0
shellcheck,SC2169,non_security,,5,3,0,1,2,1,True,0.333333
shellcheck,SC2170,non_security,,5,6,1,0,5,1,True,0.166667
shellcheck,SC2171,non_security,,5,6,1,1,4,2,True,0.333333
shellcheck,SC2172,non_security,,4,2,0,0,2,0,False,0.0
shellcheck,SC2173,non_security,,4,8,0,2,6,2,True,0.25
shellcheck,SC2174,security_related,secure_configuration,4,10,0,2,8,2,True,0.2
shellcheck,SC2175,non_security,,4,2,1,0,1,1,True,0.5
shellcheck,SC2176,non_security,,5,3,0,0,3,0,False,0.0
shellcheck,SC2177,non_security,,5,3,0,0,3,0,False,0.0
shellcheck,SC2178,non_security,,5,10,0,1,9,1,True,0.1
shellcheck,SC2179,non_security,,5,10,0,0,10,0,False,0.0
shellcheck,SC2180,non_security,,5,10,0,0,10,0,False,0.0
shellcheck,SC2181,non_security,,5,3,1,1,1,2,True,0.666667
shellcheck,SC2182,non_security,,5,7,0,1,6,1,True,0.142857
shellcheck,SC2183,non_security,,5,3,0,0,3,0,False,0.0
shellcheck,SC2184,security_related,secure_configuration,4,2,0,1,1,1,True,0.5
shellcheck,SC2185,non_security,,5,4,0,0,4,0,False,0.0
shellcheck,SC2186,security_related,secure_configuration,4,1,0,0,1,0,False,0.0
shellcheck,SC2187,non_security,,5,10,0,0,10,0,False,0.0
shellcheck,SC2188,non_security,,4,10,0,0,10,0,False,0.0
shellcheck,SC2189,non_security,,5,10,0,1,9,1,True,0.1
shellcheck,SC2190,non_security,,5,10,0,1,9,1,True,0.1
shellcheck,SC2191,non_security,,5,3,0,1,2,1,True,0.333333
shellcheck,SC2192,non_security,,5,10,0,1,9,1,True,0.1
shellcheck,SC2193,non_security,,4,4,0,2,2,2,True,0.5
shellcheck,SC2194,non_security,,4,10,0,1,9,1,True,0.1
shellcheck,SC2195,non_security,,4,1,0,1,0,1,True,1.0
shellcheck,SC2196,non_security,,5,10,0,0,10,0,False,0.0
shellcheck,SC2197,non_security,,5,10,0,0,10,0,False,0.0
shellcheck,SC2198,non_security,,5,7,1,1,5,2,True,0.285714
shellcheck,SC2199,non_security,,5,10,1,1,8,2,True,0.2
shellcheck,SC2200,non_security,,5,3,0,1,2,1,True,0.333333
shellcheck,SC2201,non_security,,5,4,0,1,3,1,True,0.25
shellcheck,SC2202,non_security,,5,4,0,3,1,3,True,0.75
shellcheck,SC2203,non_security,,5,2,0,2,0,2,True,1.0
shellcheck,SC2204,non_security,,5,10,0,0,10,0,False,0.0
shellcheck,SC2205,non_security,,5,4,0,1,3,1,True,0.25
shellcheck,SC2206,security_related,injection_command_execution,4,1,1,0,0,1,True,1.0
shellcheck,SC2207,security_related,injection_command_execution,4,5,1,0,4,1,True,0.2
shellcheck,SC2208,security_related,injection_command_execution,3,10,0,2,8,2,True,0.2
shellcheck,SC2209,non_security,,5,3,0,0,3,0,False,0.0
shellcheck,SC2210,non_security,,5,10,0,3,7,3,True,0.3
shellcheck,SC2211,non_security,,5,10,0,1,9,1,True,0.1
shellcheck,SC2212,non_security,,5,10,0,0,10,0,False,0.0
shellcheck,SC2213,non_security,,4,10,0,2,8,2,True,0.2
shellcheck,SC2214,non_security,,4,7,0,1,6,1,True,0.142857
shellcheck,SC2215,non_security,,5,9,0,2,7,2,True,0.222222
shellcheck,SC2216,non_security,,5,7,0,1,6,1,True,0.142857
shellcheck,SC2217,non_security,,5,6,0,0,6,0,False,0.0
shellcheck,SC2218,non_security,,5,9,0,0,9,0,False,0.0
shellcheck,SC2219,non_security,,5,10,0,0,10,0,False,0.0
shellcheck,SC2220,security_related,secure_configuration,4,2,1,1,0,2,True,1.0
shellcheck,SC2221,non_security,,5,10,1,2,7,3,True,0.3
shellcheck,SC2222,non_security,,5,7,0,0,7,0,False,0.0
shellcheck,SC2223,security_related,availability,4,10,1,2,7,3,True,0.3
shellcheck,SC2224,non_security,,5,8,0,1,7,1,True,0.125
shellcheck,SC2225,non_security,,5,4,0,2,2,2,True,0.5
shellcheck,SC2226,non_security,,5,5,0,0,5,0,False,0.0
shellcheck,SC2227,non_security,,5,10,0,0,10,0,False,0.0
shellcheck,SC2229,non_security,,5,10,0,2,8,2,True,0.2
shellcheck,SC2230,non_security,,5,10,0,0,10,0,False,0.0
shellcheck,SC2231,security_related,input_validation,4,9,0,1,8,1,True,0.111111
shellcheck,SC2232,security_related,authorization_access_control,5,10,0,0,10,0,False,0.0
shellcheck,SC2233,non_security,,5,10,0,0,10,0,False,0.0
shellcheck,SC2234,non_security,,5,10,0,0,10,0,False,0.0
shellcheck,SC2235,non_security,,5,7,0,0,7,0,False,0.0
shellcheck,SC2236,non_security,,5,10,0,0,10,0,False,0.0
shellcheck,SC2237,non_security,,5,10,0,0,10,0,False,0.0
shellcheck,SC2238,security_related,injection_command_execution,4,6,0,2,4,2,True,0.333333
shellcheck,SC2239,security_related,secure_configuration,4,10,0,3,7,3,True,0.3
shellcheck,SC2240,non_security,,5,10,0,1,9,1,True,0.1
shellcheck,SC2241,non_security,,5,9,0,1,8,1,True,0.111111
shellcheck,SC2242,non_security,,5,4,1,0,3,1,True,0.25
shellcheck,SC2243,non_security,,5,10,0,2,8,2,True,0.2
shellcheck,SC2244,non_security,,5,4,0,1,3,1,True,0.25
shellcheck,SC2245,non_security,,4,10,0,3,7,3,True,0.3
shellcheck,SC2246,security_related,secure_configuration,4,7,0,2,5,2,True,0.285714
shellcheck,SC2247,non_security,,5,1,1,0,0,1,True,1.0
shellcheck,SC2248,security_related,injection_command_execution,4,8,0,2,6,2,True,0.25
shellcheck,SC2249,security_related,secure_configuration,3,7,1,2,4,3,True,0.428571
shellcheck,SC2250,non_security,,5,8,0,1,7,1,True,0.125
shellcheck,SC2251,security_related,secure_configuration,4,4,1,1,2,2,True,0.5
shellcheck,SC2252,non_security,,5,4,1,0,3,1,True,0.25
shellcheck,SC2253,security_related,authorization_access_control,4,1,0,1,0,1,True,1.0
shellcheck,SC2254,security_related,input_validation,3,3,1,1,1,2,True,0.666667
shellcheck,SC2255,non_security,,5,3,1,1,1,2,True,0.666667
shellcheck,SC2256,non_security,,5,1,0,1,0,1,True,1.0
shellcheck,SC2257,non_security,,5,10,0,0,10,0,False,0.0
shellcheck,SC2258,non_security,,5,2,0,1,1,1,True,0.5
shellcheck,SC2259,non_security,,5,10,0,2,8,2,True,0.2
shellcheck,SC2260,non_security,,5,10,0,0,10,0,False,0.0
shellcheck,SC2261,non_security,,5,10,0,1,9,1,True,0.1
shellcheck,SC2262,non_security,,5,8,0,1,7,1,True,0.125
shellcheck,SC2263,non_security,,5,6,0,0,6,0,False,0.0
shellcheck,SC2264,non_security,,4,10,0,0,10,0,False,0.0
shellcheck,SC2265,security_related,authorization_access_control,4,7,0,1,6,1,True,0.142857
shellcheck,SC2266,non_security,,5,5,0,1,4,1,True,0.2
shellcheck,SC2267,non_security,,5,10,0,1,9,1,True,0.1
shellcheck,SC2268,non_security,,5,10,0,1,9,1,True,0.1
shellcheck,SC2269,non_security,,5,6,0,0,6,0,False,0.0
shellcheck,SC2270,non_security,,5,10,0,2,8,2,True,0.2
shellcheck,SC2271,non_security,,5,8,1,1,6,2,True,0.25
shellcheck,SC2272,non_security,,5,9,0,1,8,1,True,0.111111
shellcheck,SC2273,non_security,,5,6,0,2,4,2,True,0.333333
shellcheck,SC2274,non_security,,5,3,0,0,3,0,False,0.0
shellcheck,SC2275,non_security,,5,3,0,1,2,1,True,0.333333
shellcheck,SC2276,non_security,,5,8,0,1,7,1,True,0.125
shellcheck,SC2277,non_security,,5,10,0,1,9,1,True,0.1
shellcheck,SC2278,non_security,,5,10,0,0,10,0,False,0.0
shellcheck,SC2279,non_security,,5,3,0,0,3,0,False,0.0
shellcheck,SC2280,non_security,,5,6,0,0,6,0,False,0.0
shellcheck,SC2281,non_security,,5,3,0,1,2,1,True,0.333333
shellcheck,SC2282,non_security,,5,10,0,0,10,0,False,0.0
shellcheck,SC2283,non_security,,5,1,1,0,0,1,True,1.0
shellcheck,SC2284,non_security,,5,1,0,0,1,0,False,0.0
shellcheck,SC2285,non_security,,5,1,0,0,1,0,False,0.0
shellcheck,SC2286,non_security,,5,10,0,2,8,2,True,0.2
shellcheck,SC2287,non_security,,5,7,0,1,6,1,True,0.142857
shellcheck,SC2288,non_security,,5,2,0,1,1,1,True,0.5
shellcheck,SC2289,non_security,,5,5,1,0,4,1,True,0.2
shellcheck,SC2290,non_security,,5,7,0,1,6,1,True,0.142857
shellcheck,SC2291,non_security,,5,5,0,1,4,1,True,0.2
shellcheck,SC2292,non_security,,5,7,0,2,5,2,True,0.285714
shellcheck,SC2293,non_security,,4,7,1,1,5,2,True,0.285714
shellcheck,SC2294,security_related,injection_command_execution,5,3,1,1,1,2,True,0.666667
shellcheck,SC2295,non_security,,4,10,1,0,9,1,True,0.1
shellcheck,SC2296,non_security,,5,10,0,2,8,2,True,0.2
shellcheck,SC2297,non_security,,5,1,0,1,0,1,True,1.0
shellcheck,SC2298,non_security,,5,7,0,2,5,2,True,0.285714
shellcheck,SC2299,non_security,,5,10,0,0,10,0,False,0.0
shellcheck,SC2300,non_security,,5,10,0,1,9,1,True,0.1
shellcheck,SC2301,non_security,,5,10,0,1,9,1,True,0.1
shellcheck,SC2302,non_security,,5,5,0,1,4,1,True,0.2
shellcheck,SC2303,non_security,,5,10,0,1,9,1,True,0.1
shellcheck,SC2304,non_security,,4,10,1,1,8,2,True,0.2
shellcheck,SC2305,security_related,input_validation,3,1,1,0,0,1,True,1.0
shellcheck,SC2306,non_security,,4,10,1,2,7,3,True,0.3
shellcheck,SC2307,non_security,,5,7,1,1,5,2,True,0.285714
shellcheck,SC2308,non_security,,5,6,0,1,5,1,True,0.166667
shellcheck,SC2309,non_security,,5,10,1,1,8,2,True,0.2
shellcheck,SC2310,security_related,secure_configuration,4,9,3,3,3,6,True,0.666667
shellcheck,SC2311,security_related,secure_configuration,4,10,1,2,7,3,True,0.3
shellcheck,SC2312,security_related,secure_configuration,5,10,1,3,6,4,True,0.4
shellcheck,SC2313,non_security,,5,10,1,1,8,2,True,0.2
shellcheck,SC2314,non_security,,4,3,0,2,1,2,True,0.666667
shellcheck,SC2315,non_security,,4,2,0,2,0,2,True,1.0
shellcheck,SC2316,non_security,,5,10,0,0,10,0,False,0.0
shellcheck,SC2317,non_security,,5,10,0,2,8,2,True,0.2
shellcheck,SC2318,non_security,,5,10,0,0,10,0,False,0.0
shellcheck,SC2319,non_security,,4,5,1,2,2,3,True,0.6
shellcheck,SC2320,non_security,,4,9,1,2,6,3,True,0.333333
shellcheck,SC2321,non_security,,5,1,0,0,1,0,False,0.0
shellcheck,SC2322,non_security,,5,6,0,0,6,0,False,0.0
shellcheck,SC2323,non_security,,5,1,0,0,1,0,False,0.0
shellcheck,SC2324,non_security,,5,10,0,1,9,1,True,0.1
shellcheck,SC2325,non_security,,5,10,0,0,10,0,False,0.0
shellcheck,SC2326,non_security,,5,6,0,0,6,0,False,0.0
shellcheck,SC2327,non_security,,5,9,0,0,9,0,False,0.0
shellcheck,SC2328,non_security,,5,3,0,0,3,0,False,0.0
shellcheck,SC2329,non_security,,5,5,0,2,3,2,True,0.4
shellcheck,SC2330,non_security,,5,10,0,0,10,0,False,0.0
shellcheck,SC2331,non_security,,5,10,0,2,8,2,True,0.2
shellcheck,SC2332,non_security,,5,5,0,3,2,3,True,0.6
shellcheck,SC2333,non_security,,5,7,0,1,6,1,True,0.142857
shellcheck,SC2334,non_security,,5,10,0,3,7,3,True,0.3
shellcheck,SC2335,non_security,,5,4,0,0,4,0,False,0.0
shellcheck,SC3001,non_security,,5,10,0,1,9,1,True,0.1
shellcheck,SC3002,non_security,,5,10,0,0,10,0,False,0.0
shellcheck,SC3003,non_security,,5,5,0,1,4,1,True,0.2
shellcheck,SC3004,non_security,,5,10,0,2,8,2,True,0.2
shellcheck,SC3005,non_security,,5,5,0,0,5,0,False,0.0
shellcheck,SC3006,non_security,,5,10,0,1,9,1,True,0.1
shellcheck,SC3007,non_security,,5,10,0,0,10,0,False,0.0
shellcheck,SC3008,non_security,,5,2,0,0,2,0,False,0.0
shellcheck,SC3009,non_security,,5,3,0,1,2,1,True,0.333333
shellcheck,SC3010,non_security,,5,10,0,1,9,1,True,0.1
shellcheck,SC3011,non_security,,5,10,0,0,10,0,False,0.0
shellcheck,SC3012,non_security,,5,10,0,1,9,1,True,0.1
shellcheck,SC3013,non_security,,5,10,0,0,10,0,False,0.0
shellcheck,SC3014,non_security,,5,10,0,1,9,1,True,0.1
shellcheck,SC3015,non_security,,5,9,0,2,7,2,True,0.222222
shellcheck,SC3016,non_security,,5,9,0,1,8,1,True,0.111111
shellcheck,SC3017,non_security,,5,8,0,0,8,0,False,0.0
shellcheck,SC3018,non_security,,5,10,0,0,10,0,False,0.0
shellcheck,SC3019,non_security,,5,1,0,0,1,0,False,0.0
shellcheck,SC3020,non_security,,5,9,0,0,9,0,False,0.0
shellcheck,SC3021,non_security,,5,5,0,0,5,0,False,0.0
shellcheck,SC3022,non_security,,5,10,0,0,10,0,False,0.0
shellcheck,SC3023,non_security,,5,10,0,1,9,1,True,0.1
shellcheck,SC3024,non_security,,5,8,0,0,8,0,False,0.0
shellcheck,SC3025,non_security,,4,10,0,2,8,2,True,0.2
shellcheck,SC3026,non_security,,5,9,1,1,7,2,True,0.222222
shellcheck,SC3028,non_security,,5,3,1,0,2,1,True,0.333333
shellcheck,SC3029,non_security,,5,10,0,1,9,1,True,0.1
shellcheck,SC3030,non_security,,5,6,0,1,5,1,True,0.166667
shellcheck,SC3031,non_security,,5,10,0,0,10,0,False,0.0
shellcheck,SC3032,non_security,,5,1,0,0,1,0,False,0.0
shellcheck,SC3033,non_security,,5,5,0,0,5,0,False,0.0
shellcheck,SC3034,non_security,,5,9,0,1,8,1,True,0.111111
shellcheck,SC3035,non_security,,5,10,0,1,9,1,True,0.1
shellcheck,SC3036,non_security,,5,7,0,0,7,0,False,0.0
shellcheck,SC3037,non_security,,5,5,0,0,5,0,False,0.0
shellcheck,SC3038,non_security,,5,4,0,0,4,0,False,0.0
shellcheck,SC3039,non_security,,5,6,0,1,5,1,True,0.166667
shellcheck,SC3040,non_security,,4,1,0,1,0,1,True,1.0
shellcheck,SC3041,non_security,,5,10,0,1,9,1,True,0.1
shellcheck,SC3042,non_security,,5,10,0,2,8,2,True,0.2
shellcheck,SC3043,non_security,,5,10,0,2,8,2,True,0.2
shellcheck,SC3044,non_security,,5,10,0,0,10,0,False,0.0
shellcheck,SC3045,non_security,,5,9,0,1,8,1,True,0.111111
shellcheck,SC3046,non_security,,5,10,0,0,10,0,False,0.0
shellcheck,SC3047,non_security,,5,2,0,2,0,2,True,1.0
shellcheck,SC3048,non_security,,5,4,0,0,4,0,False,0.0
shellcheck,SC3049,non_security,,5,4,0,1,3,1,True,0.25
shellcheck,SC3050,security_related,injection_command_execution,4,10,0,2,8,2,True,0.2
shellcheck,SC3051,non_security,,5,10,0,0,10,0,False,0.0
shellcheck,SC3052,non_security,,5,5,0,2,3,2,True,0.4
shellcheck,SC3053,non_security,,5,10,1,2,7,3,True,0.3
shellcheck,SC3054,non_security,,5,7,0,0,7,0,False,0.0
shellcheck,SC3055,non_security,,5,10,0,0,10,0,False,0.0
shellcheck,SC3056,non_security,,5,10,0,0,10,0,False,0.0
shellcheck,SC3057,non_security,,5,10,0,1,9,1,True,0.1
shellcheck,SC3059,non_security,,5,10,0,0,10,0,False,0.0
shellcheck,SC3060,non_security,,5,10,0,1,9,1,True,0.1
shellcheck,SC3061,non_security,,5,6,0,1,5,1,True,0.166667
shellcheck,SC3062,non_security,,5,10,0,0,10,0,False,0.0
shellcheck,SC3063,non_security,,5,10,0,0,10,0,False,0.0
shellcheck,SC3064,non_security,,5,8,0,0,8,0,False,0.0
shellcheck,SC3065,non_security,,5,9,0,1,8,1,True,0.111111
shellcheck,SC3066,non_security,,5,10,0,0,10,0,False,0.0
shellcheck,SC3067,non_security,,5,3,0,0,3,0,False,0.0
